{
  "version": "Chessy 1.3 - IM Beatable",
  "training_method": "Diverse Stockfish Positions",
  "training_positions": 9694,
  "opening_positions": 3877,
  "middlegame_positions": 3877,
  "tactical_positions": 1938,
  "epochs": 40,
  "final_loss": 0.05811065435409546,
  "final_val_loss": 0.5804643630981445,
  "final_mae": 0.1830161213874817,
  "final_val_mae": 0.5960222482681274,
  "trained_at": "2025-11-10 00:26:58"
}