{
  "model_type": "basic",
  "training_positions": 10000,
  "epochs": 20,
  "final_loss": 0.0013963066739961505,
  "final_val_loss": 0.004020805470645428,
  "final_mae": 0.028657544404268265,
  "final_val_mae": 0.047489289194345474,
  "trained_at": "2025-11-09 20:50:35"
}